user_id,age,gender,occupation,zipcode,name,email,join_date
1,24,M,technician,85711,User1,user1@example.com,2025-09-11
2,53,F,other,94043,User2,user2@example.com,2025-09-11
3,23,M,writer,32067,User3,user3@example.com,2025-09-11
4,24,M,technician,43537,User4,user4@example.com,2025-09-11
5,33,F,other,15213,User5,user5@example.com,2025-09-11
6,42,M,executive,98101,User6,user6@example.com,2025-09-11
7,57,M,administrator,91344,User7,user7@example.com,2025-09-11
8,36,M,administrator,05201,User8,user8@example.com,2025-09-11
9,29,M,student,01002,User9,user9@example.com,2025-09-11
10,53,M,lawyer,90703,User10,user10@example.com,2025-09-11
11,39,F,other,30329,User11,user11@example.com,2025-09-11
12,28,F,other,06405,User12,user12@example.com,2025-09-11
13,47,M,educator,29206,User13,user13@example.com,2025-09-11
14,45,M,scientist,55106,User14,user14@example.com,2025-09-11
15,49,F,educator,97301,User15,user15@example.com,2025-09-11
16,21,M,entertainment,10309,User16,user16@example.com,2025-09-11
17,30,M,programmer,06355,User17,user17@example.com,2025-09-11
18,35,F,other,37212,User18,user18@example.com,2025-09-11
19,40,M,librarian,02138,User19,user19@example.com,2025-09-11
20,42,F,homemaker,95660,User20,user20@example.com,2025-09-11
21,26,M,writer,30068,User21,user21@example.com,2025-09-11
22,25,M,writer,40206,User22,user22@example.com,2025-09-11
23,30,F,artist,48197,User23,user23@example.com,2025-09-11
24,21,F,artist,94533,User24,user24@example.com,2025-09-11
25,39,M,engineer,55107,User25,user25@example.com,2025-09-11
26,49,M,engineer,21044,User26,user26@example.com,2025-09-11
27,40,F,librarian,30030,User27,user27@example.com,2025-09-11
28,32,M,writer,55369,User28,user28@example.com,2025-09-11
29,41,M,programmer,94043,User29,user29@example.com,2025-09-11
30,7,M,student,55436,User30,user30@example.com,2025-09-11
31,24,M,artist,10003,User31,user31@example.com,2025-09-11
32,28,F,student,78741,User32,user32@example.com,2025-09-11
33,23,M,student,27510,User33,user33@example.com,2025-09-11
34,38,F,administrator,42141,User34,user34@example.com,2025-09-11
35,20,F,homemaker,42459,User35,user35@example.com,2025-09-11
36,19,F,student,93117,User36,user36@example.com,2025-09-11
37,23,M,student,55105,User37,user37@example.com,2025-09-11
38,28,F,other,54467,User38,user38@example.com,2025-09-11
39,41,M,entertainment,01040,User39,user39@example.com,2025-09-11
40,38,M,scientist,27514,User40,user40@example.com,2025-09-11
41,33,M,engineer,80525,User41,user41@example.com,2025-09-11
42,30,M,administrator,17870,User42,user42@example.com,2025-09-11
43,29,F,librarian,20854,User43,user43@example.com,2025-09-11
44,26,M,technician,46260,User44,user44@example.com,2025-09-11
45,29,M,programmer,50233,User45,user45@example.com,2025-09-11
46,27,F,marketing,46538,User46,user46@example.com,2025-09-11
47,53,M,marketing,07102,User47,user47@example.com,2025-09-11
48,45,M,administrator,12550,User48,user48@example.com,2025-09-11
49,23,F,student,76111,User49,user49@example.com,2025-09-11
50,21,M,writer,52245,User50,user50@example.com,2025-09-11
51,28,M,educator,16509,User51,user51@example.com,2025-09-11
52,18,F,student,55105,User52,user52@example.com,2025-09-11
53,26,M,programmer,55414,User53,user53@example.com,2025-09-11
54,22,M,executive,66315,User54,user54@example.com,2025-09-11
55,37,M,programmer,01331,User55,user55@example.com,2025-09-11
56,25,M,librarian,46260,User56,user56@example.com,2025-09-11
57,16,M,none,84010,User57,user57@example.com,2025-09-11
58,27,M,programmer,52246,User58,user58@example.com,2025-09-11
59,49,M,educator,08403,User59,user59@example.com,2025-09-11
60,50,M,healthcare,06472,User60,user60@example.com,2025-09-11
61,36,M,engineer,30040,User61,user61@example.com,2025-09-11
62,27,F,administrator,97214,User62,user62@example.com,2025-09-11
63,31,M,marketing,75240,User63,user63@example.com,2025-09-11
64,32,M,educator,43202,User64,user64@example.com,2025-09-11
65,51,F,educator,48118,User65,user65@example.com,2025-09-11
66,23,M,student,80521,User66,user66@example.com,2025-09-11
67,17,M,student,60402,User67,user67@example.com,2025-09-11
68,19,M,student,22904,User68,user68@example.com,2025-09-11
69,24,M,engineer,55337,User69,user69@example.com,2025-09-11
70,27,M,engineer,60067,User70,user70@example.com,2025-09-11
71,39,M,scientist,98034,User71,user71@example.com,2025-09-11
72,48,F,administrator,73034,User72,user72@example.com,2025-09-11
73,24,M,student,41850,User73,user73@example.com,2025-09-11
74,39,M,scientist,T8H1N,User74,user74@example.com,2025-09-11
75,24,M,entertainment,08816,User75,user75@example.com,2025-09-11
76,20,M,student,02215,User76,user76@example.com,2025-09-11
77,30,M,technician,29379,User77,user77@example.com,2025-09-11
78,26,M,administrator,61801,User78,user78@example.com,2025-09-11
79,39,F,administrator,03755,User79,user79@example.com,2025-09-11
80,34,F,administrator,52241,User80,user80@example.com,2025-09-11
81,21,M,student,21218,User81,user81@example.com,2025-09-11
82,50,M,programmer,22902,User82,user82@example.com,2025-09-11
83,40,M,other,44133,User83,user83@example.com,2025-09-11
84,32,M,executive,55369,User84,user84@example.com,2025-09-11
85,51,M,educator,20003,User85,user85@example.com,2025-09-11
86,26,M,administrator,46005,User86,user86@example.com,2025-09-11
87,47,M,administrator,89503,User87,user87@example.com,2025-09-11
88,49,F,librarian,11701,User88,user88@example.com,2025-09-11
89,43,F,administrator,68106,User89,user89@example.com,2025-09-11
90,60,M,educator,78155,User90,user90@example.com,2025-09-11
91,55,M,marketing,01913,User91,user91@example.com,2025-09-11
92,32,M,entertainment,80525,User92,user92@example.com,2025-09-11
93,48,M,executive,23112,User93,user93@example.com,2025-09-11
94,26,M,student,71457,User94,user94@example.com,2025-09-11
95,31,M,administrator,10707,User95,user95@example.com,2025-09-11
96,25,F,artist,75206,User96,user96@example.com,2025-09-11
97,43,M,artist,98006,User97,user97@example.com,2025-09-11
98,49,F,executive,90291,User98,user98@example.com,2025-09-11
99,20,M,student,63129,User99,user99@example.com,2025-09-11
100,36,M,executive,90254,User100,user100@example.com,2025-09-11
101,15,M,student,05146,User101,user101@example.com,2025-09-11
102,38,M,programmer,30220,User102,user102@example.com,2025-09-11
103,26,M,student,55108,User103,user103@example.com,2025-09-11
104,27,M,student,55108,User104,user104@example.com,2025-09-11
105,24,M,engineer,94043,User105,user105@example.com,2025-09-11
106,61,M,retired,55125,User106,user106@example.com,2025-09-11
107,39,M,scientist,60466,User107,user107@example.com,2025-09-11
108,44,M,educator,63130,User108,user108@example.com,2025-09-11
109,29,M,other,55423,User109,user109@example.com,2025-09-11
110,19,M,student,77840,User110,user110@example.com,2025-09-11
111,57,M,engineer,90630,User111,user111@example.com,2025-09-11
112,30,M,salesman,60613,User112,user112@example.com,2025-09-11
113,47,M,executive,95032,User113,user113@example.com,2025-09-11
114,27,M,programmer,75013,User114,user114@example.com,2025-09-11
115,31,M,engineer,17110,User115,user115@example.com,2025-09-11
116,40,M,healthcare,97232,User116,user116@example.com,2025-09-11
117,20,M,student,16125,User117,user117@example.com,2025-09-11
118,21,M,administrator,90210,User118,user118@example.com,2025-09-11
119,32,M,programmer,67401,User119,user119@example.com,2025-09-11
120,47,F,other,06260,User120,user120@example.com,2025-09-11
121,54,M,librarian,99603,User121,user121@example.com,2025-09-11
122,32,F,writer,22206,User122,user122@example.com,2025-09-11
123,48,F,artist,20008,User123,user123@example.com,2025-09-11
124,34,M,student,60615,User124,user124@example.com,2025-09-11
125,30,M,lawyer,22202,User125,user125@example.com,2025-09-11
126,28,F,lawyer,20015,User126,user126@example.com,2025-09-11
127,33,M,none,73439,User127,user127@example.com,2025-09-11
128,24,F,marketing,20009,User128,user128@example.com,2025-09-11
129,36,F,marketing,07039,User129,user129@example.com,2025-09-11
130,20,M,none,60115,User130,user130@example.com,2025-09-11
131,59,F,administrator,15237,User131,user131@example.com,2025-09-11
132,24,M,other,94612,User132,user132@example.com,2025-09-11
133,53,M,engineer,78602,User133,user133@example.com,2025-09-11
134,31,M,programmer,80236,User134,user134@example.com,2025-09-11
135,23,M,student,38401,User135,user135@example.com,2025-09-11
136,51,M,other,97365,User136,user136@example.com,2025-09-11
137,50,M,educator,84408,User137,user137@example.com,2025-09-11
138,46,M,doctor,53211,User138,user138@example.com,2025-09-11
139,20,M,student,08904,User139,user139@example.com,2025-09-11
140,30,F,student,32250,User140,user140@example.com,2025-09-11
141,49,M,programmer,36117,User141,user141@example.com,2025-09-11
142,13,M,other,48118,User142,user142@example.com,2025-09-11
143,42,M,technician,08832,User143,user143@example.com,2025-09-11
144,53,M,programmer,20910,User144,user144@example.com,2025-09-11
145,31,M,entertainment,V3N4P,User145,user145@example.com,2025-09-11
146,45,M,artist,83814,User146,user146@example.com,2025-09-11
147,40,F,librarian,02143,User147,user147@example.com,2025-09-11
148,33,M,engineer,97006,User148,user148@example.com,2025-09-11
149,35,F,marketing,17325,User149,user149@example.com,2025-09-11
150,20,F,artist,02139,User150,user150@example.com,2025-09-11
151,38,F,administrator,48103,User151,user151@example.com,2025-09-11
152,33,F,educator,68767,User152,user152@example.com,2025-09-11
153,25,M,student,60641,User153,user153@example.com,2025-09-11
154,25,M,student,53703,User154,user154@example.com,2025-09-11
155,32,F,other,11217,User155,user155@example.com,2025-09-11
156,25,M,educator,08360,User156,user156@example.com,2025-09-11
157,57,M,engineer,70808,User157,user157@example.com,2025-09-11
158,50,M,educator,27606,User158,user158@example.com,2025-09-11
159,23,F,student,55346,User159,user159@example.com,2025-09-11
160,27,M,programmer,66215,User160,user160@example.com,2025-09-11
161,50,M,lawyer,55104,User161,user161@example.com,2025-09-11
162,25,M,artist,15610,User162,user162@example.com,2025-09-11
163,49,M,administrator,97212,User163,user163@example.com,2025-09-11
164,47,M,healthcare,80123,User164,user164@example.com,2025-09-11
165,20,F,other,53715,User165,user165@example.com,2025-09-11
166,47,M,educator,55113,User166,user166@example.com,2025-09-11
167,37,M,other,L9G2B,User167,user167@example.com,2025-09-11
168,48,M,other,80127,User168,user168@example.com,2025-09-11
169,52,F,other,53705,User169,user169@example.com,2025-09-11
170,53,F,healthcare,30067,User170,user170@example.com,2025-09-11
171,48,F,educator,78750,User171,user171@example.com,2025-09-11
172,55,M,marketing,22207,User172,user172@example.com,2025-09-11
173,56,M,other,22306,User173,user173@example.com,2025-09-11
174,30,F,administrator,52302,User174,user174@example.com,2025-09-11
175,26,F,scientist,21911,User175,user175@example.com,2025-09-11
176,28,M,scientist,07030,User176,user176@example.com,2025-09-11
177,20,M,programmer,19104,User177,user177@example.com,2025-09-11
178,26,M,other,49512,User178,user178@example.com,2025-09-11
179,15,M,entertainment,20755,User179,user179@example.com,2025-09-11
180,22,F,administrator,60202,User180,user180@example.com,2025-09-11
181,26,M,executive,21218,User181,user181@example.com,2025-09-11
182,36,M,programmer,33884,User182,user182@example.com,2025-09-11
183,33,M,scientist,27708,User183,user183@example.com,2025-09-11
184,37,M,librarian,76013,User184,user184@example.com,2025-09-11
185,53,F,librarian,97403,User185,user185@example.com,2025-09-11
186,39,F,executive,00000,User186,user186@example.com,2025-09-11
187,26,M,educator,16801,User187,user187@example.com,2025-09-11
188,42,M,student,29440,User188,user188@example.com,2025-09-11
189,32,M,artist,95014,User189,user189@example.com,2025-09-11
190,30,M,administrator,95938,User190,user190@example.com,2025-09-11
191,33,M,administrator,95161,User191,user191@example.com,2025-09-11
192,42,M,educator,90840,User192,user192@example.com,2025-09-11
193,29,M,student,49931,User193,user193@example.com,2025-09-11
194,38,M,administrator,02154,User194,user194@example.com,2025-09-11
195,42,M,scientist,93555,User195,user195@example.com,2025-09-11
196,49,M,writer,55105,User196,user196@example.com,2025-09-11
197,55,M,technician,75094,User197,user197@example.com,2025-09-11
198,21,F,student,55414,User198,user198@example.com,2025-09-11
199,30,M,writer,17604,User199,user199@example.com,2025-09-11
200,40,M,programmer,93402,User200,user200@example.com,2025-09-11
201,27,M,writer,E2A4H,User201,user201@example.com,2025-09-11
202,41,F,educator,60201,User202,user202@example.com,2025-09-11
203,25,F,student,32301,User203,user203@example.com,2025-09-11
204,52,F,librarian,10960,User204,user204@example.com,2025-09-11
205,47,M,lawyer,06371,User205,user205@example.com,2025-09-11
206,14,F,student,53115,User206,user206@example.com,2025-09-11
207,39,M,marketing,92037,User207,user207@example.com,2025-09-11
208,43,M,engineer,01720,User208,user208@example.com,2025-09-11
209,33,F,educator,85710,User209,user209@example.com,2025-09-11
210,39,M,engineer,03060,User210,user210@example.com,2025-09-11
211,66,M,salesman,32605,User211,user211@example.com,2025-09-11
212,49,F,educator,61401,User212,user212@example.com,2025-09-11
213,33,M,executive,55345,User213,user213@example.com,2025-09-11
214,26,F,librarian,11231,User214,user214@example.com,2025-09-11
215,35,M,programmer,63033,User215,user215@example.com,2025-09-11
216,22,M,engineer,02215,User216,user216@example.com,2025-09-11
217,22,M,other,11727,User217,user217@example.com,2025-09-11
218,37,M,administrator,06513,User218,user218@example.com,2025-09-11
219,32,M,programmer,43212,User219,user219@example.com,2025-09-11
220,30,M,librarian,78205,User220,user220@example.com,2025-09-11
221,19,M,student,20685,User221,user221@example.com,2025-09-11
222,29,M,programmer,27502,User222,user222@example.com,2025-09-11
223,19,F,student,47906,User223,user223@example.com,2025-09-11
224,31,F,educator,43512,User224,user224@example.com,2025-09-11
225,51,F,administrator,58202,User225,user225@example.com,2025-09-11
226,28,M,student,92103,User226,user226@example.com,2025-09-11
227,46,M,executive,60659,User227,user227@example.com,2025-09-11
228,21,F,student,22003,User228,user228@example.com,2025-09-11
229,29,F,librarian,22903,User229,user229@example.com,2025-09-11
230,28,F,student,14476,User230,user230@example.com,2025-09-11
231,48,M,librarian,01080,User231,user231@example.com,2025-09-11
232,45,M,scientist,99709,User232,user232@example.com,2025-09-11
233,38,M,engineer,98682,User233,user233@example.com,2025-09-11
234,60,M,retired,94702,User234,user234@example.com,2025-09-11
235,37,M,educator,22973,User235,user235@example.com,2025-09-11
236,44,F,writer,53214,User236,user236@example.com,2025-09-11
237,49,M,administrator,63146,User237,user237@example.com,2025-09-11
238,42,F,administrator,44124,User238,user238@example.com,2025-09-11
239,39,M,artist,95628,User239,user239@example.com,2025-09-11
240,23,F,educator,20784,User240,user240@example.com,2025-09-11
241,26,F,student,20001,User241,user241@example.com,2025-09-11
242,33,M,educator,31404,User242,user242@example.com,2025-09-11
243,33,M,educator,60201,User243,user243@example.com,2025-09-11
244,28,M,technician,80525,User244,user244@example.com,2025-09-11
245,22,M,student,55109,User245,user245@example.com,2025-09-11
246,19,M,student,28734,User246,user246@example.com,2025-09-11
247,28,M,engineer,20770,User247,user247@example.com,2025-09-11
248,25,M,student,37235,User248,user248@example.com,2025-09-11
249,25,M,student,84103,User249,user249@example.com,2025-09-11
250,29,M,executive,95110,User250,user250@example.com,2025-09-11
251,28,M,doctor,85032,User251,user251@example.com,2025-09-11
252,42,M,engineer,07733,User252,user252@example.com,2025-09-11
253,26,F,librarian,22903,User253,user253@example.com,2025-09-11
254,44,M,educator,42647,User254,user254@example.com,2025-09-11
255,23,M,entertainment,07029,User255,user255@example.com,2025-09-11
256,35,F,none,39042,User256,user256@example.com,2025-09-11
257,17,M,student,77005,User257,user257@example.com,2025-09-11
258,19,F,student,77801,User258,user258@example.com,2025-09-11
259,21,M,student,48823,User259,user259@example.com,2025-09-11
260,40,F,artist,89801,User260,user260@example.com,2025-09-11
261,28,M,administrator,85202,User261,user261@example.com,2025-09-11
262,19,F,student,78264,User262,user262@example.com,2025-09-11
263,41,M,programmer,55346,User263,user263@example.com,2025-09-11
264,36,F,writer,90064,User264,user264@example.com,2025-09-11
265,26,M,executive,84601,User265,user265@example.com,2025-09-11
266,62,F,administrator,78756,User266,user266@example.com,2025-09-11
267,23,M,engineer,83716,User267,user267@example.com,2025-09-11
268,24,M,engineer,19422,User268,user268@example.com,2025-09-11
269,31,F,librarian,43201,User269,user269@example.com,2025-09-11
270,18,F,student,63119,User270,user270@example.com,2025-09-11
271,51,M,engineer,22932,User271,user271@example.com,2025-09-11
272,33,M,scientist,53706,User272,user272@example.com,2025-09-11
273,50,F,other,10016,User273,user273@example.com,2025-09-11
274,20,F,student,55414,User274,user274@example.com,2025-09-11
275,38,M,engineer,92064,User275,user275@example.com,2025-09-11
276,21,M,student,95064,User276,user276@example.com,2025-09-11
277,35,F,administrator,55406,User277,user277@example.com,2025-09-11
278,37,F,librarian,30033,User278,user278@example.com,2025-09-11
279,33,M,programmer,85251,User279,user279@example.com,2025-09-11
280,30,F,librarian,22903,User280,user280@example.com,2025-09-11
281,15,F,student,06059,User281,user281@example.com,2025-09-11
282,22,M,administrator,20057,User282,user282@example.com,2025-09-11
283,28,M,programmer,55305,User283,user283@example.com,2025-09-11
284,40,M,executive,92629,User284,user284@example.com,2025-09-11
285,25,M,programmer,53713,User285,user285@example.com,2025-09-11
286,27,M,student,15217,User286,user286@example.com,2025-09-11
287,21,M,salesman,31211,User287,user287@example.com,2025-09-11
288,34,M,marketing,23226,User288,user288@example.com,2025-09-11
289,11,M,none,94619,User289,user289@example.com,2025-09-11
290,40,M,engineer,93550,User290,user290@example.com,2025-09-11
291,19,M,student,44106,User291,user291@example.com,2025-09-11
292,35,F,programmer,94703,User292,user292@example.com,2025-09-11
293,24,M,writer,60804,User293,user293@example.com,2025-09-11
294,34,M,technician,92110,User294,user294@example.com,2025-09-11
295,31,M,educator,50325,User295,user295@example.com,2025-09-11
296,43,F,administrator,16803,User296,user296@example.com,2025-09-11
297,29,F,educator,98103,User297,user297@example.com,2025-09-11
298,44,M,executive,01581,User298,user298@example.com,2025-09-11
299,29,M,doctor,63108,User299,user299@example.com,2025-09-11
300,26,F,programmer,55106,User300,user300@example.com,2025-09-11
301,24,M,student,55439,User301,user301@example.com,2025-09-11
302,42,M,educator,77904,User302,user302@example.com,2025-09-11
303,19,M,student,14853,User303,user303@example.com,2025-09-11
304,22,F,student,71701,User304,user304@example.com,2025-09-11
305,23,M,programmer,94086,User305,user305@example.com,2025-09-11
306,45,M,other,73132,User306,user306@example.com,2025-09-11
307,25,M,student,55454,User307,user307@example.com,2025-09-11
308,60,M,retired,95076,User308,user308@example.com,2025-09-11
309,40,M,scientist,70802,User309,user309@example.com,2025-09-11
310,37,M,educator,91711,User310,user310@example.com,2025-09-11
311,32,M,technician,73071,User311,user311@example.com,2025-09-11
312,48,M,other,02110,User312,user312@example.com,2025-09-11
313,41,M,marketing,60035,User313,user313@example.com,2025-09-11
314,20,F,student,08043,User314,user314@example.com,2025-09-11
315,31,M,educator,18301,User315,user315@example.com,2025-09-11
316,43,F,other,77009,User316,user316@example.com,2025-09-11
317,22,M,administrator,13210,User317,user317@example.com,2025-09-11
318,65,M,retired,06518,User318,user318@example.com,2025-09-11
319,38,M,programmer,22030,User319,user319@example.com,2025-09-11
320,19,M,student,24060,User320,user320@example.com,2025-09-11
321,49,F,educator,55413,User321,user321@example.com,2025-09-11
322,20,M,student,50613,User322,user322@example.com,2025-09-11
323,21,M,student,19149,User323,user323@example.com,2025-09-11
324,21,F,student,02176,User324,user324@example.com,2025-09-11
325,48,M,technician,02139,User325,user325@example.com,2025-09-11
326,41,M,administrator,15235,User326,user326@example.com,2025-09-11
327,22,M,student,11101,User327,user327@example.com,2025-09-11
328,51,M,administrator,06779,User328,user328@example.com,2025-09-11
329,48,M,educator,01720,User329,user329@example.com,2025-09-11
330,35,F,educator,33884,User330,user330@example.com,2025-09-11
331,33,M,entertainment,91344,User331,user331@example.com,2025-09-11
332,20,M,student,40504,User332,user332@example.com,2025-09-11
333,47,M,other,V0R2M,User333,user333@example.com,2025-09-11
334,32,M,librarian,30002,User334,user334@example.com,2025-09-11
335,45,M,executive,33775,User335,user335@example.com,2025-09-11
336,23,M,salesman,42101,User336,user336@example.com,2025-09-11
337,37,M,scientist,10522,User337,user337@example.com,2025-09-11
338,39,F,librarian,59717,User338,user338@example.com,2025-09-11
339,35,M,lawyer,37901,User339,user339@example.com,2025-09-11
340,46,M,engineer,80123,User340,user340@example.com,2025-09-11
341,17,F,student,44405,User341,user341@example.com,2025-09-11
342,25,F,other,98006,User342,user342@example.com,2025-09-11
343,43,M,engineer,30093,User343,user343@example.com,2025-09-11
344,30,F,librarian,94117,User344,user344@example.com,2025-09-11
345,28,F,librarian,94143,User345,user345@example.com,2025-09-11
346,34,M,other,76059,User346,user346@example.com,2025-09-11
347,18,M,student,90210,User347,user347@example.com,2025-09-11
348,24,F,student,45660,User348,user348@example.com,2025-09-11
349,68,M,retired,61455,User349,user349@example.com,2025-09-11
350,32,M,student,97301,User350,user350@example.com,2025-09-11
351,61,M,educator,49938,User351,user351@example.com,2025-09-11
352,37,F,programmer,55105,User352,user352@example.com,2025-09-11
353,25,M,scientist,28480,User353,user353@example.com,2025-09-11
354,29,F,librarian,48197,User354,user354@example.com,2025-09-11
355,25,M,student,60135,User355,user355@example.com,2025-09-11
356,32,F,homemaker,92688,User356,user356@example.com,2025-09-11
357,26,M,executive,98133,User357,user357@example.com,2025-09-11
358,40,M,educator,10022,User358,user358@example.com,2025-09-11
359,22,M,student,61801,User359,user359@example.com,2025-09-11
360,51,M,other,98027,User360,user360@example.com,2025-09-11
361,22,M,student,44074,User361,user361@example.com,2025-09-11
362,35,F,homemaker,85233,User362,user362@example.com,2025-09-11
363,20,M,student,87501,User363,user363@example.com,2025-09-11
364,63,M,engineer,01810,User364,user364@example.com,2025-09-11
365,29,M,lawyer,20009,User365,user365@example.com,2025-09-11
366,20,F,student,50670,User366,user366@example.com,2025-09-11
367,17,M,student,37411,User367,user367@example.com,2025-09-11
368,18,M,student,92113,User368,user368@example.com,2025-09-11
369,24,M,student,91335,User369,user369@example.com,2025-09-11
370,52,M,writer,08534,User370,user370@example.com,2025-09-11
371,36,M,engineer,99206,User371,user371@example.com,2025-09-11
372,25,F,student,66046,User372,user372@example.com,2025-09-11
373,24,F,other,55116,User373,user373@example.com,2025-09-11
374,36,M,executive,78746,User374,user374@example.com,2025-09-11
375,17,M,entertainment,37777,User375,user375@example.com,2025-09-11
376,28,F,other,10010,User376,user376@example.com,2025-09-11
377,22,M,student,18015,User377,user377@example.com,2025-09-11
378,35,M,student,02859,User378,user378@example.com,2025-09-11
379,44,M,programmer,98117,User379,user379@example.com,2025-09-11
380,32,M,engineer,55117,User380,user380@example.com,2025-09-11
381,33,M,artist,94608,User381,user381@example.com,2025-09-11
382,45,M,engineer,01824,User382,user382@example.com,2025-09-11
383,42,M,administrator,75204,User383,user383@example.com,2025-09-11
384,52,M,programmer,45218,User384,user384@example.com,2025-09-11
385,36,M,writer,10003,User385,user385@example.com,2025-09-11
386,36,M,salesman,43221,User386,user386@example.com,2025-09-11
387,33,M,entertainment,37412,User387,user387@example.com,2025-09-11
388,31,M,other,36106,User388,user388@example.com,2025-09-11
389,44,F,writer,83702,User389,user389@example.com,2025-09-11
390,42,F,writer,85016,User390,user390@example.com,2025-09-11
391,23,M,student,84604,User391,user391@example.com,2025-09-11
392,52,M,writer,59801,User392,user392@example.com,2025-09-11
393,19,M,student,83686,User393,user393@example.com,2025-09-11
394,25,M,administrator,96819,User394,user394@example.com,2025-09-11
395,43,M,other,44092,User395,user395@example.com,2025-09-11
396,57,M,engineer,94551,User396,user396@example.com,2025-09-11
397,17,M,student,27514,User397,user397@example.com,2025-09-11
398,40,M,other,60008,User398,user398@example.com,2025-09-11
399,25,M,other,92374,User399,user399@example.com,2025-09-11
400,33,F,administrator,78213,User400,user400@example.com,2025-09-11
401,46,F,healthcare,84107,User401,user401@example.com,2025-09-11
402,30,M,engineer,95129,User402,user402@example.com,2025-09-11
403,37,M,other,06811,User403,user403@example.com,2025-09-11
404,29,F,programmer,55108,User404,user404@example.com,2025-09-11
405,22,F,healthcare,10019,User405,user405@example.com,2025-09-11
406,52,M,educator,93109,User406,user406@example.com,2025-09-11
407,29,M,engineer,03261,User407,user407@example.com,2025-09-11
408,23,M,student,61755,User408,user408@example.com,2025-09-11
409,48,M,administrator,98225,User409,user409@example.com,2025-09-11
410,30,F,artist,94025,User410,user410@example.com,2025-09-11
411,34,M,educator,44691,User411,user411@example.com,2025-09-11
412,25,M,educator,15222,User412,user412@example.com,2025-09-11
413,55,M,educator,78212,User413,user413@example.com,2025-09-11
414,24,M,programmer,38115,User414,user414@example.com,2025-09-11
415,39,M,educator,85711,User415,user415@example.com,2025-09-11
416,20,F,student,92626,User416,user416@example.com,2025-09-11
417,27,F,other,48103,User417,user417@example.com,2025-09-11
418,55,F,none,21206,User418,user418@example.com,2025-09-11
419,37,M,lawyer,43215,User419,user419@example.com,2025-09-11
420,53,M,educator,02140,User420,user420@example.com,2025-09-11
421,38,F,programmer,55105,User421,user421@example.com,2025-09-11
422,26,M,entertainment,94533,User422,user422@example.com,2025-09-11
423,64,M,other,91606,User423,user423@example.com,2025-09-11
424,36,F,marketing,55422,User424,user424@example.com,2025-09-11
425,19,M,student,58644,User425,user425@example.com,2025-09-11
426,55,M,educator,01602,User426,user426@example.com,2025-09-11
427,51,M,doctor,85258,User427,user427@example.com,2025-09-11
428,28,M,student,55414,User428,user428@example.com,2025-09-11
429,27,M,student,29205,User429,user429@example.com,2025-09-11
430,38,M,scientist,98199,User430,user430@example.com,2025-09-11
431,24,M,marketing,92629,User431,user431@example.com,2025-09-11
432,22,M,entertainment,50311,User432,user432@example.com,2025-09-11
433,27,M,artist,11211,User433,user433@example.com,2025-09-11
434,16,F,student,49705,User434,user434@example.com,2025-09-11
435,24,M,engineer,60007,User435,user435@example.com,2025-09-11
436,30,F,administrator,17345,User436,user436@example.com,2025-09-11
437,27,F,other,20009,User437,user437@example.com,2025-09-11
438,51,F,administrator,43204,User438,user438@example.com,2025-09-11
439,23,F,administrator,20817,User439,user439@example.com,2025-09-11
440,30,M,other,48076,User440,user440@example.com,2025-09-11
441,50,M,technician,55013,User441,user441@example.com,2025-09-11
442,22,M,student,85282,User442,user442@example.com,2025-09-11
443,35,M,salesman,33308,User443,user443@example.com,2025-09-11
444,51,F,lawyer,53202,User444,user444@example.com,2025-09-11
445,21,M,writer,92653,User445,user445@example.com,2025-09-11
446,57,M,educator,60201,User446,user446@example.com,2025-09-11
447,30,M,administrator,55113,User447,user447@example.com,2025-09-11
448,23,M,entertainment,10021,User448,user448@example.com,2025-09-11
449,23,M,librarian,55021,User449,user449@example.com,2025-09-11
450,35,F,educator,11758,User450,user450@example.com,2025-09-11
451,16,M,student,48446,User451,user451@example.com,2025-09-11
452,35,M,administrator,28018,User452,user452@example.com,2025-09-11
453,18,M,student,06333,User453,user453@example.com,2025-09-11
454,57,M,other,97330,User454,user454@example.com,2025-09-11
455,48,M,administrator,83709,User455,user455@example.com,2025-09-11
456,24,M,technician,31820,User456,user456@example.com,2025-09-11
457,33,F,salesman,30011,User457,user457@example.com,2025-09-11
458,47,M,technician,Y1A6B,User458,user458@example.com,2025-09-11
459,22,M,student,29201,User459,user459@example.com,2025-09-11
460,44,F,other,60630,User460,user460@example.com,2025-09-11
461,15,M,student,98102,User461,user461@example.com,2025-09-11
462,19,F,student,02918,User462,user462@example.com,2025-09-11
463,48,F,healthcare,75218,User463,user463@example.com,2025-09-11
464,60,M,writer,94583,User464,user464@example.com,2025-09-11
465,32,M,other,05001,User465,user465@example.com,2025-09-11
466,22,M,student,90804,User466,user466@example.com,2025-09-11
467,29,M,engineer,91201,User467,user467@example.com,2025-09-11
468,28,M,engineer,02341,User468,user468@example.com,2025-09-11
469,60,M,educator,78628,User469,user469@example.com,2025-09-11
470,24,M,programmer,10021,User470,user470@example.com,2025-09-11
471,10,M,student,77459,User471,user471@example.com,2025-09-11
472,24,M,student,87544,User472,user472@example.com,2025-09-11
473,29,M,student,94708,User473,user473@example.com,2025-09-11
474,51,M,executive,93711,User474,user474@example.com,2025-09-11
475,30,M,programmer,75230,User475,user475@example.com,2025-09-11
476,28,M,student,60440,User476,user476@example.com,2025-09-11
477,23,F,student,02125,User477,user477@example.com,2025-09-11
478,29,M,other,10019,User478,user478@example.com,2025-09-11
479,30,M,educator,55409,User479,user479@example.com,2025-09-11
480,57,M,retired,98257,User480,user480@example.com,2025-09-11
481,73,M,retired,37771,User481,user481@example.com,2025-09-11
482,18,F,student,40256,User482,user482@example.com,2025-09-11
483,29,M,scientist,43212,User483,user483@example.com,2025-09-11
484,27,M,student,21208,User484,user484@example.com,2025-09-11
485,44,F,educator,95821,User485,user485@example.com,2025-09-11
486,39,M,educator,93101,User486,user486@example.com,2025-09-11
487,22,M,engineer,92121,User487,user487@example.com,2025-09-11
488,48,M,technician,21012,User488,user488@example.com,2025-09-11
489,55,M,other,45218,User489,user489@example.com,2025-09-11
490,29,F,artist,V5A2B,User490,user490@example.com,2025-09-11
491,43,F,writer,53711,User491,user491@example.com,2025-09-11
492,57,M,educator,94618,User492,user492@example.com,2025-09-11
493,22,M,engineer,60090,User493,user493@example.com,2025-09-11
494,38,F,administrator,49428,User494,user494@example.com,2025-09-11
495,29,M,engineer,03052,User495,user495@example.com,2025-09-11
496,21,F,student,55414,User496,user496@example.com,2025-09-11
497,20,M,student,50112,User497,user497@example.com,2025-09-11
498,26,M,writer,55408,User498,user498@example.com,2025-09-11
499,42,M,programmer,75006,User499,user499@example.com,2025-09-11
500,28,M,administrator,94305,User500,user500@example.com,2025-09-11
501,22,M,student,10025,User501,user501@example.com,2025-09-11
502,22,M,student,23092,User502,user502@example.com,2025-09-11
503,50,F,writer,27514,User503,user503@example.com,2025-09-11
504,40,F,writer,92115,User504,user504@example.com,2025-09-11
505,27,F,other,20657,User505,user505@example.com,2025-09-11
506,46,M,programmer,03869,User506,user506@example.com,2025-09-11
507,18,F,writer,28450,User507,user507@example.com,2025-09-11
508,27,M,marketing,19382,User508,user508@example.com,2025-09-11
509,23,M,administrator,10011,User509,user509@example.com,2025-09-11
510,34,M,other,98038,User510,user510@example.com,2025-09-11
511,22,M,student,21250,User511,user511@example.com,2025-09-11
512,29,M,other,20090,User512,user512@example.com,2025-09-11
513,43,M,administrator,26241,User513,user513@example.com,2025-09-11
514,27,M,programmer,20707,User514,user514@example.com,2025-09-11
515,53,M,marketing,49508,User515,user515@example.com,2025-09-11
516,53,F,librarian,10021,User516,user516@example.com,2025-09-11
517,24,M,student,55454,User517,user517@example.com,2025-09-11
518,49,F,writer,99709,User518,user518@example.com,2025-09-11
519,22,M,other,55320,User519,user519@example.com,2025-09-11
520,62,M,healthcare,12603,User520,user520@example.com,2025-09-11
521,19,M,student,02146,User521,user521@example.com,2025-09-11
522,36,M,engineer,55443,User522,user522@example.com,2025-09-11
523,50,F,administrator,04102,User523,user523@example.com,2025-09-11
524,56,M,educator,02159,User524,user524@example.com,2025-09-11
525,27,F,administrator,19711,User525,user525@example.com,2025-09-11
526,30,M,marketing,97124,User526,user526@example.com,2025-09-11
527,33,M,librarian,12180,User527,user527@example.com,2025-09-11
528,18,M,student,55104,User528,user528@example.com,2025-09-11
529,47,F,administrator,44224,User529,user529@example.com,2025-09-11
530,29,M,engineer,94040,User530,user530@example.com,2025-09-11
531,30,F,salesman,97408,User531,user531@example.com,2025-09-11
532,20,M,student,92705,User532,user532@example.com,2025-09-11
533,43,M,librarian,02324,User533,user533@example.com,2025-09-11
534,20,M,student,05464,User534,user534@example.com,2025-09-11
535,45,F,educator,80302,User535,user535@example.com,2025-09-11
536,38,M,engineer,30078,User536,user536@example.com,2025-09-11
537,36,M,engineer,22902,User537,user537@example.com,2025-09-11
538,31,M,scientist,21010,User538,user538@example.com,2025-09-11
539,53,F,administrator,80303,User539,user539@example.com,2025-09-11
540,28,M,engineer,91201,User540,user540@example.com,2025-09-11
541,19,F,student,84302,User541,user541@example.com,2025-09-11
542,21,M,student,60515,User542,user542@example.com,2025-09-11
543,33,M,scientist,95123,User543,user543@example.com,2025-09-11
544,44,F,other,29464,User544,user544@example.com,2025-09-11
545,27,M,technician,08052,User545,user545@example.com,2025-09-11
546,36,M,executive,22911,User546,user546@example.com,2025-09-11
547,50,M,educator,14534,User547,user547@example.com,2025-09-11
548,51,M,writer,95468,User548,user548@example.com,2025-09-11
549,42,M,scientist,45680,User549,user549@example.com,2025-09-11
550,16,F,student,95453,User550,user550@example.com,2025-09-11
551,25,M,programmer,55414,User551,user551@example.com,2025-09-11
552,45,M,other,68147,User552,user552@example.com,2025-09-11
553,58,M,educator,62901,User553,user553@example.com,2025-09-11
554,32,M,scientist,62901,User554,user554@example.com,2025-09-11
555,29,F,educator,23227,User555,user555@example.com,2025-09-11
556,35,F,educator,30606,User556,user556@example.com,2025-09-11
557,30,F,writer,11217,User557,user557@example.com,2025-09-11
558,56,F,writer,63132,User558,user558@example.com,2025-09-11
559,69,M,executive,10022,User559,user559@example.com,2025-09-11
560,32,M,student,10003,User560,user560@example.com,2025-09-11
561,23,M,engineer,60005,User561,user561@example.com,2025-09-11
562,54,F,administrator,20879,User562,user562@example.com,2025-09-11
563,39,F,librarian,32707,User563,user563@example.com,2025-09-11
564,65,M,retired,94591,User564,user564@example.com,2025-09-11
565,40,M,student,55422,User565,user565@example.com,2025-09-11
566,20,M,student,14627,User566,user566@example.com,2025-09-11
567,24,M,entertainment,10003,User567,user567@example.com,2025-09-11
568,39,M,educator,01915,User568,user568@example.com,2025-09-11
569,34,M,educator,91903,User569,user569@example.com,2025-09-11
570,26,M,educator,14627,User570,user570@example.com,2025-09-11
571,34,M,artist,01945,User571,user571@example.com,2025-09-11
572,51,M,educator,20003,User572,user572@example.com,2025-09-11
573,68,M,retired,48911,User573,user573@example.com,2025-09-11
574,56,M,educator,53188,User574,user574@example.com,2025-09-11
575,33,M,marketing,46032,User575,user575@example.com,2025-09-11
576,48,M,executive,98281,User576,user576@example.com,2025-09-11
577,36,F,student,77845,User577,user577@example.com,2025-09-11
578,31,M,administrator,M7A1A,User578,user578@example.com,2025-09-11
579,32,M,educator,48103,User579,user579@example.com,2025-09-11
580,16,M,student,17961,User580,user580@example.com,2025-09-11
581,37,M,other,94131,User581,user581@example.com,2025-09-11
582,17,M,student,93003,User582,user582@example.com,2025-09-11
583,44,M,engineer,29631,User583,user583@example.com,2025-09-11
584,25,M,student,27511,User584,user584@example.com,2025-09-11
585,69,M,librarian,98501,User585,user585@example.com,2025-09-11
586,20,M,student,79508,User586,user586@example.com,2025-09-11
587,26,M,other,14216,User587,user587@example.com,2025-09-11
588,18,F,student,93063,User588,user588@example.com,2025-09-11
589,21,M,lawyer,90034,User589,user589@example.com,2025-09-11
590,50,M,educator,82435,User590,user590@example.com,2025-09-11
591,57,F,librarian,92093,User591,user591@example.com,2025-09-11
592,18,M,student,97520,User592,user592@example.com,2025-09-11
593,31,F,educator,68767,User593,user593@example.com,2025-09-11
594,46,M,educator,M4J2K,User594,user594@example.com,2025-09-11
595,25,M,programmer,31909,User595,user595@example.com,2025-09-11
596,20,M,artist,77073,User596,user596@example.com,2025-09-11
597,23,M,other,84116,User597,user597@example.com,2025-09-11
598,40,F,marketing,43085,User598,user598@example.com,2025-09-11
599,22,F,student,R3T5K,User599,user599@example.com,2025-09-11
600,34,M,programmer,02320,User600,user600@example.com,2025-09-11
601,19,F,artist,99687,User601,user601@example.com,2025-09-11
602,47,F,other,34656,User602,user602@example.com,2025-09-11
603,21,M,programmer,47905,User603,user603@example.com,2025-09-11
604,39,M,educator,11787,User604,user604@example.com,2025-09-11
605,33,M,engineer,33716,User605,user605@example.com,2025-09-11
606,28,M,programmer,63044,User606,user606@example.com,2025-09-11
607,49,F,healthcare,02154,User607,user607@example.com,2025-09-11
608,22,M,other,10003,User608,user608@example.com,2025-09-11
609,13,F,student,55106,User609,user609@example.com,2025-09-11
610,22,M,student,21227,User610,user610@example.com,2025-09-11
611,46,M,librarian,77008,User611,user611@example.com,2025-09-11
612,36,M,educator,79070,User612,user612@example.com,2025-09-11
613,37,F,marketing,29678,User613,user613@example.com,2025-09-11
614,54,M,educator,80227,User614,user614@example.com,2025-09-11
615,38,M,educator,27705,User615,user615@example.com,2025-09-11
616,55,M,scientist,50613,User616,user616@example.com,2025-09-11
617,27,F,writer,11201,User617,user617@example.com,2025-09-11
618,15,F,student,44212,User618,user618@example.com,2025-09-11
619,17,M,student,44134,User619,user619@example.com,2025-09-11
620,18,F,writer,81648,User620,user620@example.com,2025-09-11
621,17,M,student,60402,User621,user621@example.com,2025-09-11
622,25,M,programmer,14850,User622,user622@example.com,2025-09-11
623,50,F,educator,60187,User623,user623@example.com,2025-09-11
624,19,M,student,30067,User624,user624@example.com,2025-09-11
625,27,M,programmer,20723,User625,user625@example.com,2025-09-11
626,23,M,scientist,19807,User626,user626@example.com,2025-09-11
627,24,M,engineer,08034,User627,user627@example.com,2025-09-11
628,13,M,none,94306,User628,user628@example.com,2025-09-11
629,46,F,other,44224,User629,user629@example.com,2025-09-11
630,26,F,healthcare,55408,User630,user630@example.com,2025-09-11
631,18,F,student,38866,User631,user631@example.com,2025-09-11
632,18,M,student,55454,User632,user632@example.com,2025-09-11
633,35,M,programmer,55414,User633,user633@example.com,2025-09-11
634,39,M,engineer,T8H1N,User634,user634@example.com,2025-09-11
635,22,M,other,23237,User635,user635@example.com,2025-09-11
636,47,M,educator,48043,User636,user636@example.com,2025-09-11
637,30,M,other,74101,User637,user637@example.com,2025-09-11
638,45,M,engineer,01940,User638,user638@example.com,2025-09-11
639,42,F,librarian,12065,User639,user639@example.com,2025-09-11
640,20,M,student,61801,User640,user640@example.com,2025-09-11
641,24,M,student,60626,User641,user641@example.com,2025-09-11
642,18,F,student,95521,User642,user642@example.com,2025-09-11
643,39,M,scientist,55122,User643,user643@example.com,2025-09-11
644,51,M,retired,63645,User644,user644@example.com,2025-09-11
645,27,M,programmer,53211,User645,user645@example.com,2025-09-11
646,17,F,student,51250,User646,user646@example.com,2025-09-11
647,40,M,educator,45810,User647,user647@example.com,2025-09-11
648,43,M,engineer,91351,User648,user648@example.com,2025-09-11
649,20,M,student,39762,User649,user649@example.com,2025-09-11
650,42,M,engineer,83814,User650,user650@example.com,2025-09-11
651,65,M,retired,02903,User651,user651@example.com,2025-09-11
652,35,M,other,22911,User652,user652@example.com,2025-09-11
653,31,M,executive,55105,User653,user653@example.com,2025-09-11
654,27,F,student,78739,User654,user654@example.com,2025-09-11
655,50,F,healthcare,60657,User655,user655@example.com,2025-09-11
656,48,M,educator,10314,User656,user656@example.com,2025-09-11
657,26,F,none,78704,User657,user657@example.com,2025-09-11
658,33,M,programmer,92626,User658,user658@example.com,2025-09-11
659,31,M,educator,54248,User659,user659@example.com,2025-09-11
660,26,M,student,77380,User660,user660@example.com,2025-09-11
661,28,M,programmer,98121,User661,user661@example.com,2025-09-11
662,55,M,librarian,19102,User662,user662@example.com,2025-09-11
663,26,M,other,19341,User663,user663@example.com,2025-09-11
664,30,M,engineer,94115,User664,user664@example.com,2025-09-11
665,25,M,administrator,55412,User665,user665@example.com,2025-09-11
666,44,M,administrator,61820,User666,user666@example.com,2025-09-11
667,35,M,librarian,01970,User667,user667@example.com,2025-09-11
668,29,F,writer,10016,User668,user668@example.com,2025-09-11
669,37,M,other,20009,User669,user669@example.com,2025-09-11
670,30,M,technician,21114,User670,user670@example.com,2025-09-11
671,21,M,programmer,91919,User671,user671@example.com,2025-09-11
672,54,F,administrator,90095,User672,user672@example.com,2025-09-11
673,51,M,educator,22906,User673,user673@example.com,2025-09-11
674,13,F,student,55337,User674,user674@example.com,2025-09-11
675,34,M,other,28814,User675,user675@example.com,2025-09-11
676,30,M,programmer,32712,User676,user676@example.com,2025-09-11
677,20,M,other,99835,User677,user677@example.com,2025-09-11
678,50,M,educator,61462,User678,user678@example.com,2025-09-11
679,20,F,student,54302,User679,user679@example.com,2025-09-11
680,33,M,lawyer,90405,User680,user680@example.com,2025-09-11
681,44,F,marketing,97208,User681,user681@example.com,2025-09-11
682,23,M,programmer,55128,User682,user682@example.com,2025-09-11
683,42,M,librarian,23509,User683,user683@example.com,2025-09-11
684,28,M,student,55414,User684,user684@example.com,2025-09-11
685,32,F,librarian,55409,User685,user685@example.com,2025-09-11
686,32,M,educator,26506,User686,user686@example.com,2025-09-11
687,31,F,healthcare,27713,User687,user687@example.com,2025-09-11
688,37,F,administrator,60476,User688,user688@example.com,2025-09-11
689,25,M,other,45439,User689,user689@example.com,2025-09-11
690,35,M,salesman,63304,User690,user690@example.com,2025-09-11
691,34,M,educator,60089,User691,user691@example.com,2025-09-11
692,34,M,engineer,18053,User692,user692@example.com,2025-09-11
693,43,F,healthcare,85210,User693,user693@example.com,2025-09-11
694,60,M,programmer,06365,User694,user694@example.com,2025-09-11
695,26,M,writer,38115,User695,user695@example.com,2025-09-11
696,55,M,other,94920,User696,user696@example.com,2025-09-11
697,25,M,other,77042,User697,user697@example.com,2025-09-11
698,28,F,programmer,06906,User698,user698@example.com,2025-09-11
699,44,M,other,96754,User699,user699@example.com,2025-09-11
700,17,M,student,76309,User700,user700@example.com,2025-09-11
701,51,F,librarian,56321,User701,user701@example.com,2025-09-11
702,37,M,other,89104,User702,user702@example.com,2025-09-11
703,26,M,educator,49512,User703,user703@example.com,2025-09-11
704,51,F,librarian,91105,User704,user704@example.com,2025-09-11
705,21,F,student,54494,User705,user705@example.com,2025-09-11
706,23,M,student,55454,User706,user706@example.com,2025-09-11
707,56,F,librarian,19146,User707,user707@example.com,2025-09-11
708,26,F,homemaker,96349,User708,user708@example.com,2025-09-11
709,21,M,other,N4T1A,User709,user709@example.com,2025-09-11
710,19,M,student,92020,User710,user710@example.com,2025-09-11
711,22,F,student,15203,User711,user711@example.com,2025-09-11
712,22,F,student,54901,User712,user712@example.com,2025-09-11
713,42,F,other,07204,User713,user713@example.com,2025-09-11
714,26,M,engineer,55343,User714,user714@example.com,2025-09-11
715,21,M,technician,91206,User715,user715@example.com,2025-09-11
716,36,F,administrator,44265,User716,user716@example.com,2025-09-11
717,24,M,technician,84105,User717,user717@example.com,2025-09-11
718,42,M,technician,64118,User718,user718@example.com,2025-09-11
719,37,F,other,V0R2H,User719,user719@example.com,2025-09-11
720,49,F,administrator,16506,User720,user720@example.com,2025-09-11
721,24,F,entertainment,11238,User721,user721@example.com,2025-09-11
722,50,F,homemaker,17331,User722,user722@example.com,2025-09-11
723,26,M,executive,94403,User723,user723@example.com,2025-09-11
724,31,M,executive,40243,User724,user724@example.com,2025-09-11
725,21,M,student,91711,User725,user725@example.com,2025-09-11
726,25,F,administrator,80538,User726,user726@example.com,2025-09-11
727,25,M,student,78741,User727,user727@example.com,2025-09-11
728,58,M,executive,94306,User728,user728@example.com,2025-09-11
729,19,M,student,56567,User729,user729@example.com,2025-09-11
730,31,F,scientist,32114,User730,user730@example.com,2025-09-11
731,41,F,educator,70403,User731,user731@example.com,2025-09-11
732,28,F,other,98405,User732,user732@example.com,2025-09-11
733,44,F,other,60630,User733,user733@example.com,2025-09-11
734,25,F,other,63108,User734,user734@example.com,2025-09-11
735,29,F,healthcare,85719,User735,user735@example.com,2025-09-11
736,48,F,writer,94618,User736,user736@example.com,2025-09-11
737,30,M,programmer,98072,User737,user737@example.com,2025-09-11
738,35,M,technician,95403,User738,user738@example.com,2025-09-11
739,35,M,technician,73162,User739,user739@example.com,2025-09-11
740,25,F,educator,22206,User740,user740@example.com,2025-09-11
741,25,M,writer,63108,User741,user741@example.com,2025-09-11
742,35,M,student,29210,User742,user742@example.com,2025-09-11
743,31,M,programmer,92660,User743,user743@example.com,2025-09-11
744,35,M,marketing,47024,User744,user744@example.com,2025-09-11
745,42,M,writer,55113,User745,user745@example.com,2025-09-11
746,25,M,engineer,19047,User746,user746@example.com,2025-09-11
747,19,M,other,93612,User747,user747@example.com,2025-09-11
748,28,M,administrator,94720,User748,user748@example.com,2025-09-11
749,33,M,other,80919,User749,user749@example.com,2025-09-11
750,28,M,administrator,32303,User750,user750@example.com,2025-09-11
751,24,F,other,90034,User751,user751@example.com,2025-09-11
752,60,M,retired,21201,User752,user752@example.com,2025-09-11
753,56,M,salesman,91206,User753,user753@example.com,2025-09-11
754,59,F,librarian,62901,User754,user754@example.com,2025-09-11
755,44,F,educator,97007,User755,user755@example.com,2025-09-11
756,30,F,none,90247,User756,user756@example.com,2025-09-11
757,26,M,student,55104,User757,user757@example.com,2025-09-11
758,27,M,student,53706,User758,user758@example.com,2025-09-11
759,20,F,student,68503,User759,user759@example.com,2025-09-11
760,35,F,other,14211,User760,user760@example.com,2025-09-11
761,17,M,student,97302,User761,user761@example.com,2025-09-11
762,32,M,administrator,95050,User762,user762@example.com,2025-09-11
763,27,M,scientist,02113,User763,user763@example.com,2025-09-11
764,27,F,educator,62903,User764,user764@example.com,2025-09-11
765,31,M,student,33066,User765,user765@example.com,2025-09-11
766,42,M,other,10960,User766,user766@example.com,2025-09-11
767,70,M,engineer,00000,User767,user767@example.com,2025-09-11
768,29,M,administrator,12866,User768,user768@example.com,2025-09-11
769,39,M,executive,06927,User769,user769@example.com,2025-09-11
770,28,M,student,14216,User770,user770@example.com,2025-09-11
771,26,M,student,15232,User771,user771@example.com,2025-09-11
772,50,M,writer,27105,User772,user772@example.com,2025-09-11
773,20,M,student,55414,User773,user773@example.com,2025-09-11
774,30,M,student,80027,User774,user774@example.com,2025-09-11
775,46,M,executive,90036,User775,user775@example.com,2025-09-11
776,30,M,librarian,51157,User776,user776@example.com,2025-09-11
777,63,M,programmer,01810,User777,user777@example.com,2025-09-11
778,34,M,student,01960,User778,user778@example.com,2025-09-11
779,31,M,student,K7L5J,User779,user779@example.com,2025-09-11
780,49,M,programmer,94560,User780,user780@example.com,2025-09-11
781,20,M,student,48825,User781,user781@example.com,2025-09-11
782,21,F,artist,33205,User782,user782@example.com,2025-09-11
783,30,M,marketing,77081,User783,user783@example.com,2025-09-11
784,47,M,administrator,91040,User784,user784@example.com,2025-09-11
785,32,M,engineer,23322,User785,user785@example.com,2025-09-11
786,36,F,engineer,01754,User786,user786@example.com,2025-09-11
787,18,F,student,98620,User787,user787@example.com,2025-09-11
788,51,M,administrator,05779,User788,user788@example.com,2025-09-11
789,29,M,other,55420,User789,user789@example.com,2025-09-11
790,27,M,technician,80913,User790,user790@example.com,2025-09-11
791,31,M,educator,20064,User791,user791@example.com,2025-09-11
792,40,M,programmer,12205,User792,user792@example.com,2025-09-11
793,22,M,student,85281,User793,user793@example.com,2025-09-11
794,32,M,educator,57197,User794,user794@example.com,2025-09-11
795,30,M,programmer,08610,User795,user795@example.com,2025-09-11
796,32,F,writer,33755,User796,user796@example.com,2025-09-11
797,44,F,other,62522,User797,user797@example.com,2025-09-11
798,40,F,writer,64131,User798,user798@example.com,2025-09-11
799,49,F,administrator,19716,User799,user799@example.com,2025-09-11
800,25,M,programmer,55337,User800,user800@example.com,2025-09-11
801,22,M,writer,92154,User801,user801@example.com,2025-09-11
802,35,M,administrator,34105,User802,user802@example.com,2025-09-11
803,70,M,administrator,78212,User803,user803@example.com,2025-09-11
804,39,M,educator,61820,User804,user804@example.com,2025-09-11
805,27,F,other,20009,User805,user805@example.com,2025-09-11
806,27,M,marketing,11217,User806,user806@example.com,2025-09-11
807,41,F,healthcare,93555,User807,user807@example.com,2025-09-11
808,45,M,salesman,90016,User808,user808@example.com,2025-09-11
809,50,F,marketing,30803,User809,user809@example.com,2025-09-11
810,55,F,other,80526,User810,user810@example.com,2025-09-11
811,40,F,educator,73013,User811,user811@example.com,2025-09-11
812,22,M,technician,76234,User812,user812@example.com,2025-09-11
813,14,F,student,02136,User813,user813@example.com,2025-09-11
814,30,M,other,12345,User814,user814@example.com,2025-09-11
815,32,M,other,28806,User815,user815@example.com,2025-09-11
816,34,M,other,20755,User816,user816@example.com,2025-09-11
817,19,M,student,60152,User817,user817@example.com,2025-09-11
818,28,M,librarian,27514,User818,user818@example.com,2025-09-11
819,59,M,administrator,40205,User819,user819@example.com,2025-09-11
820,22,M,student,37725,User820,user820@example.com,2025-09-11
821,37,M,engineer,77845,User821,user821@example.com,2025-09-11
822,29,F,librarian,53144,User822,user822@example.com,2025-09-11
823,27,M,artist,50322,User823,user823@example.com,2025-09-11
824,31,M,other,15017,User824,user824@example.com,2025-09-11
825,44,M,engineer,05452,User825,user825@example.com,2025-09-11
826,28,M,artist,77048,User826,user826@example.com,2025-09-11
827,23,F,engineer,80228,User827,user827@example.com,2025-09-11
828,28,M,librarian,85282,User828,user828@example.com,2025-09-11
829,48,M,writer,80209,User829,user829@example.com,2025-09-11
830,46,M,programmer,53066,User830,user830@example.com,2025-09-11
831,21,M,other,33765,User831,user831@example.com,2025-09-11
832,24,M,technician,77042,User832,user832@example.com,2025-09-11
833,34,M,writer,90019,User833,user833@example.com,2025-09-11
834,26,M,other,64153,User834,user834@example.com,2025-09-11
835,44,F,executive,11577,User835,user835@example.com,2025-09-11
836,44,M,artist,10018,User836,user836@example.com,2025-09-11
837,36,F,artist,55409,User837,user837@example.com,2025-09-11
838,23,M,student,01375,User838,user838@example.com,2025-09-11
839,38,F,entertainment,90814,User839,user839@example.com,2025-09-11
840,39,M,artist,55406,User840,user840@example.com,2025-09-11
841,45,M,doctor,47401,User841,user841@example.com,2025-09-11
842,40,M,writer,93055,User842,user842@example.com,2025-09-11
843,35,M,librarian,44212,User843,user843@example.com,2025-09-11
844,22,M,engineer,95662,User844,user844@example.com,2025-09-11
845,64,M,doctor,97405,User845,user845@example.com,2025-09-11
846,27,M,lawyer,47130,User846,user846@example.com,2025-09-11
847,29,M,student,55417,User847,user847@example.com,2025-09-11
848,46,M,engineer,02146,User848,user848@example.com,2025-09-11
849,15,F,student,25652,User849,user849@example.com,2025-09-11
850,34,M,technician,78390,User850,user850@example.com,2025-09-11
851,18,M,other,29646,User851,user851@example.com,2025-09-11
852,46,M,administrator,94086,User852,user852@example.com,2025-09-11
853,49,M,writer,40515,User853,user853@example.com,2025-09-11
854,29,F,student,55408,User854,user854@example.com,2025-09-11
855,53,M,librarian,04988,User855,user855@example.com,2025-09-11
856,43,F,marketing,97215,User856,user856@example.com,2025-09-11
857,35,F,administrator,V1G4L,User857,user857@example.com,2025-09-11
858,63,M,educator,09645,User858,user858@example.com,2025-09-11
859,18,F,other,06492,User859,user859@example.com,2025-09-11
860,70,F,retired,48322,User860,user860@example.com,2025-09-11
861,38,F,student,14085,User861,user861@example.com,2025-09-11
862,25,M,executive,13820,User862,user862@example.com,2025-09-11
863,17,M,student,60089,User863,user863@example.com,2025-09-11
864,27,M,programmer,63021,User864,user864@example.com,2025-09-11
865,25,M,artist,11231,User865,user865@example.com,2025-09-11
866,45,M,other,60302,User866,user866@example.com,2025-09-11
867,24,M,scientist,92507,User867,user867@example.com,2025-09-11
868,21,M,programmer,55303,User868,user868@example.com,2025-09-11
869,30,M,student,10025,User869,user869@example.com,2025-09-11
870,22,M,student,65203,User870,user870@example.com,2025-09-11
871,31,M,executive,44648,User871,user871@example.com,2025-09-11
872,19,F,student,74078,User872,user872@example.com,2025-09-11
873,48,F,administrator,33763,User873,user873@example.com,2025-09-11
874,36,M,scientist,37076,User874,user874@example.com,2025-09-11
875,24,F,student,35802,User875,user875@example.com,2025-09-11
876,41,M,other,20902,User876,user876@example.com,2025-09-11
877,30,M,other,77504,User877,user877@example.com,2025-09-11
878,50,F,educator,98027,User878,user878@example.com,2025-09-11
879,33,F,administrator,55337,User879,user879@example.com,2025-09-11
880,13,M,student,83702,User880,user880@example.com,2025-09-11
881,39,M,marketing,43017,User881,user881@example.com,2025-09-11
882,35,M,engineer,40503,User882,user882@example.com,2025-09-11
883,49,M,librarian,50266,User883,user883@example.com,2025-09-11
884,44,M,engineer,55337,User884,user884@example.com,2025-09-11
885,30,F,other,95316,User885,user885@example.com,2025-09-11
886,20,M,student,61820,User886,user886@example.com,2025-09-11
887,14,F,student,27249,User887,user887@example.com,2025-09-11
888,41,M,scientist,17036,User888,user888@example.com,2025-09-11
889,24,M,technician,78704,User889,user889@example.com,2025-09-11
890,32,M,student,97301,User890,user890@example.com,2025-09-11
891,51,F,administrator,03062,User891,user891@example.com,2025-09-11
892,36,M,other,45243,User892,user892@example.com,2025-09-11
893,25,M,student,95823,User893,user893@example.com,2025-09-11
894,47,M,educator,74075,User894,user894@example.com,2025-09-11
895,31,F,librarian,32301,User895,user895@example.com,2025-09-11
896,28,M,writer,91505,User896,user896@example.com,2025-09-11
897,30,M,other,33484,User897,user897@example.com,2025-09-11
898,23,M,homemaker,61755,User898,user898@example.com,2025-09-11
899,32,M,other,55116,User899,user899@example.com,2025-09-11
900,60,M,retired,18505,User900,user900@example.com,2025-09-11
901,38,M,executive,L1V3W,User901,user901@example.com,2025-09-11
902,45,F,artist,97203,User902,user902@example.com,2025-09-11
903,28,M,educator,20850,User903,user903@example.com,2025-09-11
904,17,F,student,61073,User904,user904@example.com,2025-09-11
905,27,M,other,30350,User905,user905@example.com,2025-09-11
906,45,M,librarian,70124,User906,user906@example.com,2025-09-11
907,25,F,other,80526,User907,user907@example.com,2025-09-11
908,44,F,librarian,68504,User908,user908@example.com,2025-09-11
909,50,F,educator,53171,User909,user909@example.com,2025-09-11
910,28,M,healthcare,29301,User910,user910@example.com,2025-09-11
911,37,F,writer,53210,User911,user911@example.com,2025-09-11
912,51,M,other,06512,User912,user912@example.com,2025-09-11
913,27,M,student,76201,User913,user913@example.com,2025-09-11
914,44,F,other,08105,User914,user914@example.com,2025-09-11
915,50,M,entertainment,60614,User915,user915@example.com,2025-09-11
916,27,M,engineer,N2L5N,User916,user916@example.com,2025-09-11
917,22,F,student,20006,User917,user917@example.com,2025-09-11
918,40,M,scientist,70116,User918,user918@example.com,2025-09-11
919,25,M,other,14216,User919,user919@example.com,2025-09-11
920,30,F,artist,90008,User920,user920@example.com,2025-09-11
921,20,F,student,98801,User921,user921@example.com,2025-09-11
922,29,F,administrator,21114,User922,user922@example.com,2025-09-11
923,21,M,student,E2E3R,User923,user923@example.com,2025-09-11
924,29,M,other,11753,User924,user924@example.com,2025-09-11
925,18,F,salesman,49036,User925,user925@example.com,2025-09-11
926,49,M,entertainment,01701,User926,user926@example.com,2025-09-11
927,23,M,programmer,55428,User927,user927@example.com,2025-09-11
928,21,M,student,55408,User928,user928@example.com,2025-09-11
929,44,M,scientist,53711,User929,user929@example.com,2025-09-11
930,28,F,scientist,07310,User930,user930@example.com,2025-09-11
931,60,M,educator,33556,User931,user931@example.com,2025-09-11
932,58,M,educator,06437,User932,user932@example.com,2025-09-11
933,28,M,student,48105,User933,user933@example.com,2025-09-11
934,61,M,engineer,22902,User934,user934@example.com,2025-09-11
935,42,M,doctor,66221,User935,user935@example.com,2025-09-11
936,24,M,other,32789,User936,user936@example.com,2025-09-11
937,48,M,educator,98072,User937,user937@example.com,2025-09-11
938,38,F,technician,55038,User938,user938@example.com,2025-09-11
939,26,F,student,33319,User939,user939@example.com,2025-09-11
940,32,M,administrator,02215,User940,user940@example.com,2025-09-11
941,20,M,student,97229,User941,user941@example.com,2025-09-11
942,48,F,librarian,78209,User942,user942@example.com,2025-09-11
943,22,M,student,77841,User943,user943@example.com,2025-09-11
